{
    "income_categories": [
        "Salary",
        "Freelance",
        "Investments",
        "Gifts",
        "Other"
    ],
    "expense_categories": [
        "Food",
        "Rent",
        "Transport",
        "Utilities",
        "Entertainment",
        "Healthcare",
        "Shopping"
    ],
    "tags": [],
    "transactions": [
        {
            "id": "69204c145033d",
            "date": "2025-11-21",
            "type": "income",
            "amount": 40000,
            "category": "Salary",
            "tags": [],
            "description": "xneelo (Recurring)"
        },
        {
            "id": "69204e37eafb2",
            "date": "2025-11-21",
            "type": "expense",
            "amount": 150,
            "category": "Food",
            "tags": [],
            "description": "Test ZAR",
            "currency": "ZAR"
        },
        {
            "id": "69204eae2a7e9",
            "date": "2025-11-21",
            "type": "expense",
            "amount": 1200,
            "category": "Food",
            "tags": [],
            "description": "Monthly Rent (Recurring)",
            "currency": "USD"
        }
    ],
    "recurring_transactions": [
        {
            "id": "692048e048f09",
            "type": "income",
            "amount": 40000,
            "category": "Salary",
            "description": "xneelo salary",
            "frequency": "monthly",
            "next_due_date": "2025-12-21",
            "tags": [],
            "last_run_date": "2025-11-21"
        },
        {
            "id": "69204c144d1e0",
            "type": "income",
            "amount": 40000,
            "category": "Salary",
            "description": "xneelo",
            "frequency": "monthly",
            "next_due_date": "2025-12-21",
            "tags": [],
            "last_run_date": "2025-11-21"
        },
        {
            "id": "69204eae27d7b",
            "type": "expense",
            "amount": 1200,
            "category": "Food",
            "description": "Monthly Rent",
            "frequency": "day_of_month",
            "next_due_date": "2025-12-15",
            "tags": [],
            "currency": "USD",
            "day_of_month": 15,
            "last_run_date": "2025-11-21"
        }
    ]
}