{
    "categories": [
        "Food",
        "Rent",
        "Transport",
        "Utilities",
        "Entertainment",
        "Salary"
    ],
    "tags": [],
    "transactions": [
        {
            "id": "69203436f2414",
            "date": "2025-11-21",
            "type": "income",
            "amount": 5000,
            "category": "Salary",
            "tags": [],
            "description": "Monthly Salary"
        },
        {
            "id": "6920371f128cb",
            "date": "2025-11-21",
            "type": "expense",
            "amount": 20,
            "category": "Food",
            "tags": [],
            "description": "Lunch"
        }
    ]
}