{
    "users": [
        {
            "id": "692032398e18e",
            "username": "testuser2",
            "password_hash": "$2y$12$RTZCuBCii69h1dfWfyMNPOGMziIldg8Pa4MQ5G3evUp.3LFwIi6aO",
            "security_question": "q",
            "security_answer_hash": "$2y$12$uXtiZUuO6wGNdkx9vC7V\/.8OIiJSD3meIFoU8S0.0blwQiFGj8Rbq"
        },
        {
            "id": "692033bb8f15c",
            "username": "demo",
            "password_hash": "$2y$12$DbMEGiFXRID5FK7bROUmkugpusCDxB8DevZaOJu3tZq\/FpDTOWbiW",
            "security_question": "q",
            "security_answer_hash": "$2y$12$3sPZcHyC\/XAQFCqwgXG.3.wy6vaxtMhhitdKxyZvG3BqalumDzQka"
        },
        {
            "id": "6920433608437",
            "username": "testuser",
            "password_hash": "$2y$12$HHWiHNn3n9FfdNS2xDVMEehlxFaTYGeCDDTNqLp23wj66wjnVZFqu",
            "security_question": "Pet",
            "security_answer": "$2y$12$SX.7Qaws7vX2QaWTHnYUbemOZmWX64DOe4mPS9OamjcMQ7pddeEAu",
            "created_at": "2025-11-21 10:47:18"
        },
        {
            "id": "692048c8f3f98",
            "username": "UCFish",
            "google_id": "111325735454617953772",
            "email": "joevdvyver@gmail.com",
            "created_at": "2025-11-21 11:11:05"
        }
    ]
}